date,action,shares,price,gross_cost,transaction_fee,total_cost,gross_proceeds,net_proceeds
2024-10-09 11:21:00,BUY,42,225.25,9460.5,47.3025,9507.8025,,
2024-10-09 11:24:00,SELL,42,225.33,,47.319300000000005,,9463.86,9416.540700000001
2024-10-09 11:26:00,BUY,41,225.37,9240.17,46.20085,9286.37085,,
2024-10-09 11:28:00,SELL,41,225.27,,46.18035,,9236.07,9189.88965
2024-10-09 11:29:00,BUY,41,225.27,9236.07,46.18035,9282.25035,,
2024-10-09 11:31:00,SELL,41,225.3,,46.18650000000001,,9237.300000000001,9191.113500000001
2024-10-09 11:33:00,BUY,40,225.26,9010.4,45.052,9055.452,,
2024-10-09 11:34:00,SELL,40,225.25,,45.050000000000004,,9010.0,8964.95
2024-10-09 11:35:00,BUY,40,225.34,9013.6,45.068000000000005,9058.668,,
2024-10-09 11:38:00,SELL,40,225.34,,45.068000000000005,,9013.6,8968.532000000001
2024-10-09 11:45:00,BUY,40,225.5,9020.0,45.1,9065.1,,
2024-10-09 11:53:00,SELL,40,225.69,,45.138000000000005,,9027.6,8982.462
2024-10-09 11:54:00,BUY,39,225.62,8799.18,43.9959,8843.1759,,
2024-10-09 11:56:00,SELL,39,225.66,,44.0037,,8800.74,8756.7363
2024-10-09 11:57:00,BUY,39,225.6,8798.4,43.992,8842.392,,
2024-10-09 11:58:00,SELL,39,225.5,,43.972500000000004,,8794.5,8750.5275
2024-10-09 12:00:00,BUY,39,225.14,8780.46,43.9023,8824.362299999999,,
2024-10-09 12:02:00,SELL,39,225.54,,43.9803,,8796.06,8752.0797
2024-10-09 12:03:00,BUY,38,225.5,8569.0,42.845,8611.845,,
2024-10-09 12:08:00,SELL,38,225.4,,42.82600000000001,,8565.2,8522.374000000002
2024-10-09 12:14:00,BUY,38,225.5334,8570.2692,42.85134600000001,8613.120546,,
2024-10-09 12:15:00,SELL,38,225.42,,42.8298,,8565.96,8523.1302
2024-10-09 12:16:00,BUY,38,225.4,8565.2,42.82600000000001,8608.026,,
2024-10-09 12:17:00,SELL,38,225.33,,42.81270000000001,,8562.54,8519.7273
2024-10-09 12:19:00,BUY,37,225.31,8336.47,41.68235,8378.152349999998,,
2024-10-09 12:20:00,SELL,37,225.31,,41.68235,,8336.47,8294.78765
2024-10-09 12:22:00,BUY,37,225.2809,8335.3933,41.6769665,8377.070266499999,,
2024-10-09 12:23:00,SELL,37,225.22,,41.6657,,8333.14,8291.4743
2024-10-09 12:24:00,BUY,36,225.3055,8110.998,40.55499,8151.552989999999,,
2024-10-09 12:27:00,SELL,36,225.2703,,40.548654,,8109.730799999999,8069.182145999999
2024-10-09 12:29:00,BUY,36,225.3,8110.8,40.554,8151.354,,
2024-10-09 12:30:00,SELL,36,225.5973,,40.607513999999995,,8121.502799999999,8080.895285999999
2024-10-09 12:31:00,BUY,36,225.43,8115.4800000000005,40.577400000000004,8156.057400000001,,
2024-10-09 12:32:00,SELL,36,225.5945,,40.60701,,8121.402,8080.79499
2024-10-09 12:33:00,BUY,35,225.4535,7890.8724999999995,39.454362499999995,7930.326862499999,,
2024-10-09 12:34:00,SELL,35,225.31,,39.42925,,7885.85,7846.42075
2024-10-09 12:35:00,BUY,35,225.33,7886.55,39.43275,7925.98275,,
2024-10-09 12:36:00,SELL,35,225.3107,,39.4293725,,7885.8745,7846.4451275
2024-10-09 12:37:00,BUY,35,225.5665,7894.827499999999,39.4741375,7934.3016375,,
2024-10-09 12:38:00,SELL,35,225.44,,39.452,,7890.4,7850.947999999999
2024-10-09 12:39:00,BUY,34,225.36,7662.240000000001,38.31120000000001,7700.551200000001,,
2024-10-09 12:41:00,SELL,34,225.46,,38.3282,,7665.64,7627.3118
2024-10-09 12:43:00,BUY,34,225.37,7662.58,38.3129,7700.8929,,
2024-10-09 12:45:00,SELL,34,225.4965,,38.334405000000004,,7666.881,7628.546595000001
2024-10-09 12:46:00,BUY,34,225.5,7667.0,38.335,7705.335,,
2024-10-09 12:47:00,SELL,34,225.498,,38.33466,,7666.932,7628.597339999999
2024-10-09 12:48:00,BUY,34,225.5,7667.0,38.335,7705.335,,
2024-10-09 12:50:00,SELL,34,225.55,,38.343500000000006,,7668.700000000001,7630.356500000001
2024-10-09 12:51:00,BUY,33,225.53,7442.49,37.21245,7479.70245,,
2024-10-09 12:52:00,SELL,33,225.5599,,37.217383500000004,,7443.4767,7406.2593165
2024-10-09 12:53:00,BUY,33,225.6,7444.8,37.224000000000004,7482.024,,
2024-10-09 12:54:00,SELL,33,225.72,,37.2438,,7448.76,7411.5162
2024-10-09 12:55:00,BUY,33,225.474,7440.642,37.20321,7477.8452099999995,,
2024-10-09 12:56:00,SELL,33,225.49,,37.20585,,7441.17,7403.96415
2024-10-09 12:57:00,BUY,32,225.49,7215.68,36.0784,7251.758400000001,,
2024-10-09 12:58:00,SELL,32,225.65,,36.104,,7220.8,7184.696
2024-10-09 13:00:00,BUY,32,225.58,7218.56,36.092800000000004,7254.652800000001,,
2024-10-09 13:01:00,SELL,32,225.6,,36.096,,7219.2,7183.104
2024-10-09 13:02:00,BUY,32,225.7422,7223.7504,36.118752,7259.869152,,
2024-10-09 13:03:00,SELL,32,225.68,,36.1088,,7221.76,7185.6512
2024-10-09 13:04:00,BUY,31,225.7,6996.7,34.9835,7031.6835,,
2024-10-09 13:05:00,SELL,31,225.7,,34.9835,,6996.7,6961.7164999999995
2024-10-09 13:06:00,BUY,31,225.75,6998.25,34.99125,7033.24125,,
2024-10-09 13:07:00,SELL,31,225.73,,34.988150000000005,,6997.63,6962.64185
2024-10-09 13:08:00,BUY,31,225.8805,7002.2955,35.011477500000005,7037.3069775,,
2024-10-09 13:09:00,SELL,31,225.8893,,35.0128415,,7002.5683,6967.5554585
2024-10-09 13:10:00,BUY,30,225.8771,6776.313,33.881565,6810.194565,,
2024-10-09 13:11:00,SELL,30,225.8989,,33.884834999999995,,6776.967,6743.082165
2024-10-09 13:13:00,BUY,30,225.85,6775.5,33.8775,6809.3775,,
2024-10-09 13:14:00,SELL,30,225.826,,33.8739,,6774.78,6740.9061
2024-10-09 13:15:00,BUY,30,225.56,6766.8,33.834,6800.634,,
2024-10-09 13:16:00,SELL,30,225.7,,33.855000000000004,,6771.0,6737.145
2024-10-09 13:17:00,BUY,30,225.8896,6776.688,33.88344,6810.57144,,
2024-10-09 13:18:00,SELL,30,225.6636,,33.849540000000005,,6769.908,6736.05846
2024-10-09 13:21:00,BUY,29,225.78,6547.62,32.7381,6580.3580999999995,,
2024-10-09 13:22:00,SELL,29,225.77,,32.73665,,6547.33,6514.59335
2024-10-09 13:23:00,BUY,29,225.6,6542.4,32.711999999999996,6575.112,,
2024-10-09 13:24:00,SELL,29,225.5746,,32.708317,,6541.6634,6508.955083000001
2024-10-09 13:25:00,BUY,29,225.42,6537.179999999999,32.6859,6569.8659,,
2024-10-09 13:26:00,SELL,29,225.28,,32.6656,,6533.12,6500.4544
2024-10-09 13:27:00,BUY,28,225.55,6315.400000000001,31.577,6346.977000000001,,
2024-10-09 13:28:00,SELL,28,225.2,,31.528,,6305.599999999999,6274.071999999999
2024-10-09 13:29:00,BUY,28,225.28,6307.84,31.5392,6339.3792,,
2024-10-09 13:30:00,SELL,28,225.5,,31.57,,6314.0,6282.43
2024-10-09 13:31:00,BUY,28,225.08,6302.240000000001,31.511200000000006,6333.751200000001,,
2024-10-09 13:32:00,SELL,28,225.0,,31.5,,6300.0,6268.5
2024-10-09 13:33:00,BUY,28,225.35,6309.8,31.549000000000003,6341.349,,
2024-10-09 13:34:00,SELL,28,225.28,,31.5392,,6307.84,6276.3008
2024-10-09 13:35:00,BUY,27,225.35,6084.45,30.42225,6114.872249999999,,
2024-10-09 13:36:00,SELL,27,225.555,,30.449925000000004,,6089.985000000001,6059.535075000001
2024-10-09 13:37:00,BUY,27,225.86,6098.22,30.491100000000003,6128.7111,,
2024-10-09 13:38:00,SELL,27,226.152,,30.530519999999996,,6106.103999999999,6075.573479999999
2024-10-09 13:39:00,BUY,27,226.32,6110.639999999999,30.553199999999997,6141.1932,,
2024-10-09 13:40:00,SELL,27,226.165,,30.532275,,6106.455,6075.922725
2024-10-09 13:41:00,BUY,27,226.21,6107.67,30.53835,6138.20835,,
2024-10-09 13:42:00,SELL,27,226.0476,,30.516425999999996,,6103.285199999999,6072.768773999999
2024-10-09 13:43:00,BUY,26,225.5964,5865.506399999999,29.327531999999998,5894.833932,,
2024-10-09 13:44:00,SELL,26,225.7471,,29.347122999999996,,5869.424599999999,5840.077477
2024-10-09 13:45:00,BUY,26,225.9526,5874.7676,29.373838000000003,5904.141438000001,,
2024-10-09 13:46:00,SELL,26,225.99,,29.3787,,5875.74,5846.3613
2024-10-09 13:47:00,BUY,26,226.05,5877.3,29.3865,5906.6865,,
2024-10-09 13:48:00,SELL,26,225.955,,29.37415,,5874.83,5845.45585
2024-10-09 13:49:00,BUY,26,226.04,5877.04,29.3852,5906.4252,,
2024-10-09 13:50:00,SELL,26,226.2,,29.406,,5881.2,5851.794
2024-10-09 13:51:00,BUY,25,226.34,5658.5,28.2925,5686.7925,,
2024-10-09 13:52:00,SELL,25,226.38,,28.2975,,5659.5,5631.2025
2024-10-09 13:53:00,BUY,25,226.375,5659.375,28.296875,5687.671875,,
2024-10-09 13:54:00,SELL,25,226.305,,28.288125,,5657.625,5629.336875
2024-10-09 13:55:00,BUY,25,226.18,5654.5,28.2725,5682.7725,,
2024-10-09 13:56:00,SELL,25,226.31,,28.28875,,5657.75,5629.46125
2024-10-09 13:57:00,BUY,25,226.11,5652.75,28.26375,5681.01375,,
2024-10-09 13:58:00,SELL,25,226.28,,28.285,,5657.0,5628.715
2024-10-09 13:59:00,BUY,24,226.15,5427.6,27.138,5454.738,,
2024-10-09 14:00:00,SELL,24,226.23,,27.147599999999997,,5429.5199999999995,5402.372399999999
2024-10-09 14:01:00,BUY,24,226.375,5433.0,27.165,5460.165,,
2024-10-09 14:02:00,SELL,24,226.3578,,27.162936000000002,,5432.5872,5405.424264
2024-10-09 14:03:00,BUY,24,226.305,5431.32,27.156599999999997,5458.4766,,
2024-10-09 14:04:00,SELL,24,226.41,,27.1692,,5433.84,5406.6708
2024-10-09 14:05:00,BUY,24,226.3593,5432.6232,27.163116000000002,5459.786316,,
2024-10-09 14:06:00,SELL,24,226.51,,27.1812,,5436.24,5409.0588
2024-10-09 14:07:00,BUY,24,226.385,5433.24,27.1662,5460.406199999999,,
2024-10-09 14:08:00,SELL,24,226.2,,27.144,,5428.799999999999,5401.655999999999
2024-10-09 14:09:00,BUY,23,226.1013,5200.329900000001,26.001649500000003,5226.331549500001,,
2024-10-09 14:10:00,SELL,23,225.845,,25.972175000000004,,5194.435,5168.4628250000005
2024-10-09 14:11:00,BUY,23,226.1001,5200.3023,26.001511500000003,5226.3038115,,
2024-10-09 14:12:00,SELL,23,226.025,,25.992874999999998,,5198.575,5172.582125
2024-10-09 14:13:00,BUY,23,226.088,5200.023999999999,26.00012,5226.024119999999,,
2024-10-09 14:14:00,SELL,23,226.06,,25.9969,,5199.38,5173.3831
2024-10-09 14:15:00,BUY,23,226.07,5199.61,25.99805,5225.60805,,
2024-10-09 14:16:00,SELL,23,226.23,,26.01645,,5203.29,5177.27355
2024-10-09 14:17:00,BUY,22,226.2889,4978.3558,24.891779000000003,5003.247579,,
2024-10-09 14:18:00,SELL,22,226.4332,,24.907652,,4981.5304,4956.622748
2024-10-09 14:19:00,BUY,22,226.55,4984.1,24.920500000000004,5009.0205000000005,,
2024-10-09 14:20:00,SELL,22,226.5849,,24.924339,,4984.8678,4959.943461
2024-10-09 14:21:00,BUY,22,226.505,4983.11,24.91555,5008.025549999999,,
2024-10-09 14:22:00,SELL,22,226.78,,24.9458,,4989.16,4964.214199999999
2024-10-09 14:23:00,BUY,22,226.74,4988.280000000001,24.941400000000005,5013.2214,,
2024-10-09 14:24:00,SELL,22,226.7899,,24.946889000000002,,4989.3778,4964.430911
2024-10-09 14:25:00,BUY,22,226.78,4989.16,24.9458,5014.1058,,
2024-10-09 14:26:00,SELL,22,226.92,,24.961199999999998,,4992.24,4967.2788
2024-10-09 14:27:00,BUY,21,227.02,4767.42,23.8371,4791.2571,,
2024-10-09 14:28:00,SELL,21,227.0967,,23.845153500000002,,4769.0307,4745.1855465
2024-10-09 14:29:00,BUY,21,227.1,4769.099999999999,23.845499999999998,4792.9455,,
2024-10-09 14:30:00,SELL,21,227.14,,23.8497,,4769.94,4746.0903
2024-10-09 14:31:00,BUY,21,227.17,4770.57,23.85285,4794.42285,,
2024-10-09 14:32:00,SELL,21,227.3201,,23.8686105,,4773.7221,4749.8534895
2024-10-09 14:33:00,BUY,21,227.37,4774.77,23.87385,4798.64385,,
2024-10-09 14:34:00,SELL,21,227.36,,23.8728,,4774.56,4750.6872
2024-10-09 14:35:00,BUY,21,227.42,4775.82,23.879099999999998,4799.6991,,
2024-10-09 14:36:00,SELL,21,227.45,,23.88225,,4776.45,4752.56775
2024-10-09 14:37:00,BUY,20,227.295,4545.9,22.729499999999998,4568.6295,,
2024-10-09 14:38:00,SELL,20,227.44,,22.744,,4548.8,4526.0560000000005
2024-10-09 14:39:00,BUY,20,227.552001,4551.0400199999995,22.755200099999996,4573.7952201,,
2024-10-09 14:40:00,SELL,20,227.68,,22.768,,4553.6,4530.832
2024-10-09 14:41:00,BUY,20,227.57,4551.4,22.756999999999998,4574.156999999999,,
2024-10-09 14:42:00,SELL,20,227.53,,22.753000000000004,,4550.6,4527.847000000001
2024-10-09 14:43:00,BUY,20,227.49,4549.8,22.749000000000002,4572.549,,
2024-10-09 14:44:00,SELL,20,227.5622,,22.75622,,4551.244,4528.4877799999995
2024-10-09 14:45:00,BUY,20,227.54,4550.8,22.754,4573.554,,
2024-10-09 14:46:00,SELL,20,227.32,,22.732,,4546.4,4523.668
2024-10-09 14:47:00,BUY,19,227.415,4320.885,21.604425000000003,4342.489425000001,,
2024-10-09 14:48:00,SELL,19,227.4499,,21.607740500000002,,4321.5481,4299.9403595
2024-10-09 14:49:00,BUY,19,227.49,4322.31,21.61155,4343.92155,,
2024-10-09 14:50:00,SELL,19,227.565,,21.618675,,4323.735,4302.116325
2024-10-09 14:51:00,BUY,19,227.44,4321.36,21.6068,4342.966799999999,,
2024-10-09 14:52:00,SELL,19,227.5131,,21.613744500000003,,4322.7489000000005,4301.1351555
2024-10-09 14:53:00,BUY,19,227.4526,4321.5994,21.607997,4343.207397,,
2024-10-09 14:54:00,SELL,19,227.29,,21.592550000000003,,4318.51,4296.91745
2024-10-09 14:55:00,BUY,19,227.3501,4319.6519,21.5982595,4341.250159499999,,
2024-10-09 14:56:00,SELL,19,227.39,,21.60205,,4320.41,4298.807949999999
2024-10-09 14:57:00,BUY,18,227.59,4096.62,20.4831,4117.1031,,
2024-10-09 14:58:00,SELL,18,227.6762,,20.490858,,4098.1716,4077.6807419999996
2024-10-09 14:59:00,BUY,18,227.65,4097.7,20.4885,4118.1885,,
2024-10-09 15:00:00,SELL,18,227.7376,,20.496384,,4099.2768,4078.7804159999996
2024-10-09 15:01:00,BUY,18,227.84,4101.12,20.5056,4121.6256,,
2024-10-09 15:02:00,SELL,18,227.87,,20.5083,,4101.66,4081.1517
2024-10-09 15:03:00,BUY,18,227.8899,4102.0182,20.510091000000003,4122.5282910000005,,
2024-10-09 15:04:00,SELL,18,227.88,,20.5092,,4101.84,4081.3308
2024-10-09 15:05:00,BUY,18,227.85,4101.3,20.506500000000003,4121.806500000001,,
2024-10-09 15:06:00,SELL,18,227.81,,20.5029,,4100.58,4080.0771
2024-10-09 15:07:00,BUY,18,227.758,4099.644,20.49822,4120.142220000001,,
2024-10-09 15:08:00,SELL,18,227.8501,,20.506509,,4101.3018,4080.7952910000004
2024-10-09 15:09:00,BUY,17,227.8942,3874.2014000000004,19.371007000000002,3893.5724070000006,,
2024-10-09 15:10:00,SELL,17,227.965,,19.377025,,3875.405,3856.0279750000004
2024-10-09 15:11:00,BUY,17,228.17,3878.89,19.39445,3898.2844499999997,,
2024-10-09 15:12:00,SELL,17,228.21,,19.397850000000002,,3879.57,3860.1721500000003
2024-10-09 15:13:00,BUY,17,228.145,3878.465,19.392325,3897.857325,,
2024-10-09 15:14:00,SELL,17,228.17,,19.39445,,3878.89,3859.49555
2024-10-09 15:15:00,BUY,17,228.1887,3879.2079000000003,19.3960395,3898.6039395000003,,
2024-10-09 15:16:00,SELL,17,228.11,,19.389350000000004,,3877.8700000000003,3858.4806500000004
2024-10-09 15:17:00,BUY,17,228.0504,3876.8568,19.384284,3896.2410840000002,,
2024-10-09 15:18:00,SELL,17,228.0106,,19.380901,,3876.1802000000002,3856.7992990000002
2024-10-09 15:19:00,BUY,17,227.9448,3875.0616,19.375308,3894.436908,,
2024-10-09 15:20:00,SELL,17,227.93,,19.37405,,3874.81,3855.43595
2024-10-09 15:21:00,BUY,16,227.8886,3646.2176,18.231088,3664.448688,,
2024-10-09 15:22:00,SELL,16,227.88,,18.2304,,3646.08,3627.8496
2024-10-09 15:23:00,BUY,16,228.0,3648.0,18.240000000000002,3666.24,,
2024-10-09 15:24:00,SELL,16,228.01,,18.2408,,3648.16,3629.9192
2024-10-09 15:25:00,BUY,16,228.239,3651.824,18.25912,3670.0831200000002,,
2024-10-09 15:26:00,SELL,16,228.2,,18.256,,3651.2,3632.944
2024-10-09 15:27:00,BUY,16,228.23,3651.68,18.258399999999998,3669.9384,,
2024-10-09 15:28:00,SELL,16,228.14,,18.2512,,3650.24,3631.9887999999996
2024-10-09 15:29:00,BUY,16,228.19,3651.04,18.2552,3669.2952,,
2024-10-09 15:30:00,SELL,16,228.19,,18.2552,,3651.04,3632.7848
2024-10-09 15:31:00,BUY,16,228.2355,3651.768,18.25884,3670.02684,,
2024-10-09 15:32:00,SELL,16,228.185,,18.2548,,3650.96,3632.7052
2024-10-09 15:33:00,BUY,16,228.28,3652.48,18.2624,3670.7424,,
2024-10-09 15:34:00,SELL,16,228.2,,18.256,,3651.2,3632.944
2024-10-09 15:35:00,BUY,15,228.2842,3424.263,17.121315,3441.384315,,
2024-10-09 15:36:00,SELL,15,228.3,,17.1225,,3424.5,3407.3775
2024-10-09 15:37:00,BUY,15,228.4038,3426.057,17.130285,3443.187285,,
2024-10-09 15:38:00,SELL,15,228.3,,17.1225,,3424.5,3407.3775
2024-10-09 15:39:00,BUY,15,228.35,3425.25,17.12625,3442.37625,,
2024-10-09 15:40:00,SELL,15,228.365,,17.127375,,3425.4750000000004,3408.3476250000003
2024-10-09 15:41:00,BUY,15,228.48,3427.2,17.136,3444.336,,
2024-10-09 15:42:00,SELL,15,228.525,,17.139375,,3427.875,3410.735625
2024-10-09 15:43:00,BUY,15,228.3443,3425.1645,17.125822499999998,3442.2903225,,
2024-10-09 15:44:00,SELL,15,228.4599,,17.1344925,,3426.8985000000002,3409.7640075000004
2024-10-09 15:45:00,BUY,15,228.51,3427.6499999999996,17.13825,3444.7882499999996,,
2024-10-09 15:46:00,SELL,15,228.4,,17.13,,3426.0,3408.87
2024-10-09 15:47:00,BUY,14,228.535,3199.49,15.997449999999999,3215.4874499999996,,
2024-10-09 15:48:00,SELL,14,228.56,,15.999200000000002,,3199.84,3183.8408
2024-10-09 15:49:00,BUY,14,228.53,3199.42,15.997100000000001,3215.4171,,
2024-10-09 15:50:00,SELL,14,228.53,,15.997100000000001,,3199.42,3183.4229
2024-10-09 15:51:00,BUY,14,228.41,3197.74,15.9887,3213.7286999999997,,
2024-10-09 15:52:00,SELL,14,228.3701,,15.985907,,3197.1814,3181.1954929999997
2024-10-09 15:53:00,BUY,14,228.37,3197.1800000000003,15.985900000000003,3213.1659000000004,,
2024-10-09 15:54:00,SELL,14,228.495,,15.994650000000002,,3198.9300000000003,3182.93535
2024-10-09 15:55:00,BUY,14,228.46,3198.44,15.9922,3214.4322,,
2024-10-09 15:56:00,SELL,14,228.5299,,15.997093,,3199.4186,3183.421507
2024-10-09 15:57:00,BUY,14,228.48,3198.72,15.993599999999999,3214.7135999999996,,
2024-10-09 15:58:00,SELL,14,228.47,,15.9929,,3198.58,3182.5870999999997
2024-10-09 15:59:00,BUY,14,228.4245,3197.9429999999998,15.989714999999999,3213.932715,,
2024-10-09 16:00:00,SELL,14,228.37,,15.985900000000003,,3197.1800000000003,3181.1941
2024-10-10 09:30:00,BUY,14,228.93,3205.02,16.025100000000002,3221.0451,,
2024-10-10 09:31:00,SELL,14,228.7,,16.009,,3201.7999999999997,3185.7909999999997
2024-10-10 09:32:00,BUY,13,228.45,2969.85,14.84925,2984.69925,,
2024-10-10 09:35:00,SELL,13,228.7,,14.865499999999999,,2973.1,2958.2345
2024-10-10 09:37:00,BUY,13,228.61,2971.9300000000003,14.859650000000002,2986.78965,,
2024-10-10 09:38:00,SELL,13,228.68,,14.8642,,2972.84,2957.9758
2024-10-10 09:41:00,BUY,13,228.61,2971.9300000000003,14.859650000000002,2986.78965,,
2024-10-10 09:48:00,SELL,13,228.6,,14.858999999999998,,2971.7999999999997,2956.941
2024-10-10 09:54:00,BUY,13,228.53,2970.89,14.85445,2985.7444499999997,,
2024-10-10 09:58:00,SELL,13,228.66,,14.8629,,2972.58,2957.7171
2024-10-10 10:00:00,BUY,13,228.68,2972.84,14.8642,2987.7042,,
2024-10-10 10:06:00,SELL,13,228.53,,14.85445,,2970.89,2956.03555
2024-10-10 10:07:00,BUY,13,228.59,2971.67,14.858350000000002,2986.52835,,
2024-10-10 10:09:00,SELL,13,228.66,,14.8629,,2972.58,2957.7171
2024-10-10 10:20:00,BUY,13,228.65,2972.4500000000003,14.862250000000001,2987.3122500000004,,
2024-10-10 10:21:00,SELL,13,228.66,,14.8629,,2972.58,2957.7171
2024-10-10 10:22:00,BUY,13,228.65,2972.4500000000003,14.862250000000001,2987.3122500000004,,
2024-10-10 10:24:00,SELL,13,228.63,,14.86095,,2972.19,2957.3290500000003
2024-10-10 10:26:00,BUY,12,228.55,2742.6000000000004,13.713000000000003,2756.3130000000006,,
2024-10-10 10:28:00,SELL,12,228.55,,13.713000000000003,,2742.6000000000004,2728.887
2024-10-10 10:31:00,BUY,12,228.65,2743.8,13.719000000000001,2757.5190000000002,,
2024-10-10 10:32:00,SELL,12,228.58,,13.7148,,2742.96,2729.2452
2024-10-10 10:34:00,BUY,12,228.7,2744.3999999999996,13.721999999999998,2758.122,,
2024-10-10 10:39:00,SELL,12,228.71,,13.7226,,2744.52,2730.7974
2024-10-10 10:40:00,BUY,12,228.69,2744.2799999999997,13.7214,2758.0013999999996,,
2024-10-10 10:42:00,SELL,12,228.58,,13.7148,,2742.96,2729.2452
2024-10-10 10:45:00,BUY,12,228.68,2744.16,13.720799999999999,2757.8808,,
2024-10-10 10:49:00,SELL,12,228.5,,13.71,,2742.0,2728.29
2024-10-10 10:52:00,BUY,12,228.48,2741.7599999999998,13.708799999999998,2755.4687999999996,,
2024-10-10 10:56:00,SELL,12,228.57,,13.714200000000002,,2742.84,2729.1258000000003
2024-10-10 10:59:00,BUY,12,228.49,2741.88,13.7094,2755.5894000000003,,
2024-10-10 11:00:00,SELL,12,228.63,,13.7178,,2743.56,2729.8422
2024-10-10 11:01:00,BUY,12,228.65,2743.8,13.719000000000001,2757.5190000000002,,
2024-10-10 11:03:00,SELL,12,228.65,,13.719000000000001,,2743.8,2730.081
2024-10-10 11:04:00,BUY,12,228.58,2742.96,13.7148,2756.6748000000002,,
2024-10-10 11:05:00,SELL,12,228.47,,13.7082,,2741.64,2727.9318
2024-10-10 11:07:00,BUY,11,228.61,2514.71,12.573550000000001,2527.28355,,
2024-10-10 11:08:00,SELL,11,228.65,,12.575750000000001,,2515.15,2502.57425
2024-10-10 11:09:00,BUY,11,228.65,2515.15,12.575750000000001,2527.72575,,
2024-10-10 11:10:00,SELL,11,228.61,,12.573550000000001,,2514.71,2502.13645
2024-10-10 11:12:00,BUY,11,228.53,2513.83,12.56915,2526.3991499999997,,
2024-10-10 11:13:00,SELL,11,228.55,,12.570250000000001,,2514.05,2501.47975
2024-10-10 11:14:00,BUY,11,228.51,2513.6099999999997,12.56805,2526.1780499999995,,
2024-10-10 11:17:00,SELL,11,228.54,,12.569700000000001,,2513.94,2501.3703
2024-10-10 11:20:00,BUY,11,228.54,2513.94,12.569700000000001,2526.5097,,
2024-10-10 11:22:00,SELL,11,228.6,,12.573,,2514.6,2502.027
2024-10-10 11:26:00,BUY,11,228.59,2514.4900000000002,12.572450000000002,2527.0624500000004,,
2024-10-10 11:28:00,SELL,11,228.61,,12.573550000000001,,2514.71,2502.13645
2024-10-10 11:29:00,BUY,11,228.65,2515.15,12.575750000000001,2527.72575,,
2024-10-10 11:33:00,SELL,11,228.7,,12.5785,,2515.7,2503.1214999999997
2024-10-10 11:34:00,BUY,11,228.725,2515.975,12.579875,2528.554875,,
2024-10-10 11:36:00,SELL,11,228.72,,12.579600000000001,,2515.92,2503.3404
2024-10-10 11:37:00,BUY,11,228.74,2516.1400000000003,12.580700000000002,2528.7207000000003,,
2024-10-10 11:38:00,SELL,11,228.8,,12.584000000000001,,2516.8,2504.2160000000003
2024-10-10 11:39:00,BUY,10,228.83,2288.3,11.441500000000001,2299.7415,,
2024-10-10 11:40:00,SELL,10,228.85,,11.4425,,2288.5,2277.0575
2024-10-10 11:46:00,BUY,10,228.79,2287.9,11.4395,2299.3395,,
2024-10-10 11:49:00,SELL,10,228.76,,11.438,,2287.6,2276.162
2024-10-10 11:50:00,BUY,10,228.8,2288.0,11.44,2299.44,,
2024-10-10 11:52:00,SELL,10,228.9,,11.445,,2289.0,2277.555
2024-10-10 11:53:00,BUY,10,228.9,2289.0,11.445,2300.445,,
2024-10-10 11:54:00,SELL,10,228.91,,11.4455,,2289.1,2277.6545
2024-10-10 11:59:00,BUY,10,229.0,2290.0,11.450000000000001,2301.45,,
2024-10-10 12:00:00,SELL,10,228.74,,11.437000000000001,,2287.4,2275.963
2024-10-10 12:01:00,BUY,10,228.85,2288.5,11.4425,2299.9425,,
2024-10-10 12:02:00,SELL,10,228.75,,11.4375,,2287.5,2276.0625
2024-10-10 12:03:00,BUY,10,228.88,2288.8,11.444,2300.244,,
2024-10-10 12:04:00,SELL,10,228.9499,,11.447495000000002,,2289.4990000000003,2278.0515050000004
2024-10-10 12:05:00,BUY,10,229.0,2290.0,11.450000000000001,2301.45,,
2024-10-10 12:06:00,SELL,10,229.0138,,11.45069,,2290.138,2278.68731
2024-10-10 12:07:00,BUY,10,229.1,2291.0,11.455,2302.455,,
2024-10-10 12:10:00,SELL,10,229.08,,11.454,,2290.8,2279.346
2024-10-10 12:11:00,BUY,10,229.06,2290.6,11.453,2302.053,,
2024-10-10 12:12:00,SELL,10,229.0217,,11.451085,,2290.217,2278.765915
2024-10-10 12:13:00,BUY,10,228.8,2288.0,11.44,2299.44,,
2024-10-10 12:17:00,SELL,10,228.92,,11.446,,2289.2,2277.754
2024-10-10 12:18:00,BUY,9,229.01,2061.09,10.30545,2071.39545,,
2024-10-10 12:19:00,SELL,9,228.93,,10.30185,,2060.37,2050.06815
2024-10-10 12:20:00,BUY,9,228.8849,2059.9640999999997,10.2998205,2070.2639204999996,,
2024-10-10 12:21:00,SELL,9,228.81,,10.29645,,2059.29,2048.99355
2024-10-10 12:23:00,BUY,9,228.87,2059.83,10.29915,2070.1291499999998,,
2024-10-10 12:24:00,SELL,9,228.88,,10.2996,,2059.92,2049.6204000000002
2024-10-10 12:25:00,BUY,9,228.86,2059.7400000000002,10.298700000000002,2070.0387,,
2024-10-10 12:26:00,SELL,9,228.86,,10.298700000000002,,2059.7400000000002,2049.4413000000004
2024-10-10 12:27:00,BUY,9,228.81,2059.29,10.29645,2069.58645,,
2024-10-10 12:28:00,SELL,9,228.85,,10.298250000000001,,2059.65,2049.3517500000003
2024-10-10 12:29:00,BUY,9,228.95,2060.5499999999997,10.30275,2070.8527499999996,,
2024-10-10 12:30:00,SELL,9,228.6,,10.287,,2057.4,2047.113
2024-10-10 12:31:00,BUY,9,228.6,2057.4,10.287,2067.687,,
2024-10-10 12:32:00,SELL,9,228.87,,10.29915,,2059.83,2049.53085
2024-10-10 12:33:00,BUY,9,228.733,2058.597,10.292985000000002,2068.8899850000003,,
2024-10-10 12:34:00,SELL,9,228.75,,10.293750000000001,,2058.75,2048.45625
2024-10-10 12:35:00,BUY,9,228.7,2058.2999999999997,10.2915,2068.5914999999995,,
2024-10-10 12:36:00,SELL,9,228.01,,10.26045,,2052.09,2041.8295500000002
2024-10-10 12:37:00,BUY,9,228.08,2052.7200000000003,10.263600000000002,2062.9836000000005,,
2024-10-10 12:38:00,SELL,9,228.3,,10.273500000000002,,2054.7000000000003,2044.4265000000003
2024-10-10 12:39:00,BUY,9,228.26,2054.34,10.271700000000001,2064.6117,,
2024-10-10 12:40:00,SELL,9,228.05,,10.262250000000002,,2052.4500000000003,2042.1877500000003
2024-10-10 12:41:00,BUY,8,227.9,1823.2,9.116,1832.316,,
2024-10-10 12:42:00,SELL,8,227.97,,9.1188,,1823.76,1814.6412
2024-10-10 12:43:00,BUY,8,227.95,1823.6,9.118,1832.7179999999998,,
2024-10-10 12:44:00,SELL,8,228.1,,9.124,,1824.8,1815.676
2024-10-10 12:45:00,BUY,8,228.32,1826.56,9.1328,1835.6928,,
2024-10-10 12:46:00,SELL,8,228.2,,9.128,,1825.6,1816.472
2024-10-10 12:47:00,BUY,8,228.15,1825.2,9.126000000000001,1834.326,,
2024-10-10 12:48:00,SELL,8,228.24,,9.1296,,1825.92,1816.7904
2024-10-10 12:49:00,BUY,8,228.26,1826.08,9.1304,1835.2104,,
2024-10-10 12:50:00,SELL,8,228.19,,9.1276,,1825.52,1816.3924
2024-10-10 12:51:00,BUY,8,228.18,1825.44,9.1272,1834.5672,,
2024-10-10 12:52:00,SELL,8,228.03,,9.1212,,1824.24,1815.1188
2024-10-10 12:53:00,BUY,8,227.91,1823.28,9.1164,1832.3964,,
2024-10-10 12:54:00,SELL,8,227.88,,9.1152,,1823.04,1813.9248
2024-10-10 12:55:00,BUY,8,227.9,1823.2,9.116,1832.316,,
2024-10-10 12:56:00,SELL,8,227.92,,9.1168,,1823.36,1814.2432
2024-10-10 12:57:00,BUY,8,227.93,1823.44,9.1172,1832.5572,,
2024-10-10 12:58:00,SELL,8,227.9,,9.116,,1823.2,1814.084
2024-10-10 12:59:00,BUY,8,227.8,1822.4,9.112,1831.5120000000002,,
2024-10-10 13:00:00,SELL,8,227.75,,9.11,,1822.0,1812.89
2024-10-10 13:01:00,BUY,8,227.87,1822.96,9.1148,1832.0748,,
2024-10-10 13:02:00,SELL,8,227.87,,9.1148,,1822.96,1813.8452
2024-10-10 13:03:00,BUY,8,228.09,1824.72,9.1236,1833.8436,,
2024-10-10 13:05:00,SELL,8,227.88,,9.1152,,1823.04,1813.9248
2024-10-10 13:06:00,BUY,8,227.87,1822.96,9.1148,1832.0748,,
2024-10-10 13:07:00,SELL,8,227.8,,9.112,,1822.4,1813.288
2024-10-10 13:08:00,BUY,7,227.796,1594.572,7.97286,1602.54486,,
2024-10-10 13:09:00,SELL,7,227.77,,7.9719500000000005,,1594.39,1586.41805
2024-10-10 13:10:00,BUY,7,227.69,1593.83,7.96915,1601.7991499999998,,
2024-10-10 13:11:00,SELL,7,227.64,,7.9674000000000005,,1593.48,1585.5126
2024-10-10 13:12:00,BUY,7,227.66,1593.62,7.9681,1601.5881,,
2024-10-10 13:13:00,SELL,7,227.6927,,7.9692445,,1593.8489,1585.8796555
2024-10-10 13:14:00,BUY,7,227.63,1593.4099999999999,7.9670499999999995,1601.3770499999998,,
2024-10-10 13:15:00,SELL,7,227.65,,7.96775,,1593.55,1585.58225
2024-10-10 13:16:00,BUY,7,227.65,1593.55,7.96775,1601.51775,,
2024-10-10 13:17:00,SELL,7,227.68,,7.9688,,1593.76,1585.7912
2024-10-10 13:18:00,BUY,7,227.7,1593.8999999999999,7.969499999999999,1601.8694999999998,,
2024-10-10 13:19:00,SELL,7,227.75,,7.97125,,1594.25,1586.27875
2024-10-10 13:20:00,BUY,7,227.75,1594.25,7.97125,1602.22125,,
2024-10-10 13:21:00,SELL,7,227.76,,7.9716,,1594.32,1586.3483999999999
2024-10-10 13:22:00,BUY,7,227.75,1594.25,7.97125,1602.22125,,
2024-10-10 13:23:00,SELL,7,227.77,,7.9719500000000005,,1594.39,1586.41805
2024-10-10 13:24:00,BUY,7,227.75,1594.25,7.97125,1602.22125,,
2024-10-10 13:25:00,SELL,7,227.5707,,7.964974499999999,,1592.9949,1585.0299255
2024-10-10 13:26:00,BUY,7,227.63,1593.4099999999999,7.9670499999999995,1601.3770499999998,,
2024-10-10 13:27:00,SELL,7,227.65,,7.96775,,1593.55,1585.58225
2024-10-10 13:28:00,BUY,7,227.79,1594.53,7.97265,1602.50265,,
2024-10-10 13:29:00,SELL,7,227.79,,7.97265,,1594.53,1586.55735
2024-10-10 13:30:00,BUY,7,227.885,1595.195,7.975975,1603.170975,,
2024-10-10 13:31:00,SELL,7,228.1,,7.9835,,1596.7,1588.7165
2024-10-10 13:32:00,BUY,7,228.0499,1596.3493,7.981746500000001,1604.3310465000002,,
2024-10-10 13:33:00,SELL,7,227.825,,7.973875,,1594.7749999999999,1586.801125
2024-10-10 13:34:00,BUY,7,227.88,1595.1599999999999,7.9758,1603.1357999999998,,
2024-10-10 13:35:00,SELL,7,227.965,,7.978775000000001,,1595.755,1587.776225
2024-10-10 13:36:00,BUY,7,227.83,1594.8100000000002,7.974050000000001,1602.7840500000002,,
2024-10-10 13:37:00,SELL,7,227.67,,7.968449999999999,,1593.6899999999998,1585.7215499999998
2024-10-10 13:38:00,BUY,6,227.77,1366.6200000000001,6.833100000000001,1373.4531000000002,,
2024-10-10 13:39:00,SELL,6,227.65,,6.8295,,1365.9,1359.0705
2024-10-10 13:40:00,BUY,6,227.5473,1365.2838000000002,6.826419000000001,1372.1102190000001,,
2024-10-10 13:41:00,SELL,6,227.5699,,6.827097,,1365.4194,1358.592303
2024-10-10 13:42:00,BUY,6,227.8499,1367.0994,6.835497,1373.934897,,
2024-10-10 13:43:00,SELL,6,227.73,,6.831899999999999,,1366.3799999999999,1359.5481
2024-10-10 13:44:00,BUY,6,227.75,1366.5,6.8325000000000005,1373.3325,,
2024-10-10 13:45:00,SELL,6,227.69,,6.830699999999999,,1366.1399999999999,1359.3093
2024-10-10 13:46:00,BUY,6,227.54,1365.24,6.8262,1372.0662,,
2024-10-10 13:47:00,SELL,6,227.27,,6.818100000000001,,1363.6200000000001,1356.8019000000002
2024-10-10 13:48:00,BUY,6,227.31,1363.8600000000001,6.819300000000001,1370.6793000000002,,
2024-10-10 13:49:00,SELL,6,227.3901,,6.821703,,1364.3406,1357.518897
2024-10-10 13:50:00,BUY,6,228.11,1368.66,6.8433,1375.5033,,
2024-10-10 13:51:00,SELL,6,227.89,,6.8366999999999996,,1367.34,1360.5032999999999
2024-10-10 13:52:00,BUY,6,228.33,1369.98,6.8499,1376.8299,,
2024-10-10 13:53:00,SELL,6,228.2701,,6.848103000000001,,1369.6206000000002,1362.7724970000002
2024-10-10 13:54:00,BUY,6,228.29,1369.74,6.8487,1376.5887,,
2024-10-10 13:55:00,SELL,6,228.64,,6.8591999999999995,,1371.84,1364.9807999999998
2024-10-10 13:56:00,BUY,6,228.65,1371.9,6.859500000000001,1378.7595000000001,,
2024-10-10 13:57:00,SELL,6,228.62,,6.8586,,1371.72,1364.8614
2024-10-10 13:58:00,BUY,6,228.615,1371.69,6.85845,1378.54845,,
2024-10-10 13:59:00,SELL,6,228.44,,6.853199999999999,,1370.6399999999999,1363.7867999999999
2024-10-10 14:00:00,BUY,6,228.39,1370.34,6.8517,1377.1916999999999,,
2024-10-10 14:01:00,SELL,6,228.39,,6.8517,,1370.34,1363.4883
2024-10-10 14:02:00,BUY,6,228.11,1368.66,6.8433,1375.5033,,
2024-10-10 14:03:00,SELL,6,228.05,,6.841500000000001,,1368.3000000000002,1361.4585000000002
2024-10-10 14:04:00,BUY,6,228.0,1368.0,6.84,1374.84,,
2024-10-10 14:05:00,SELL,6,228.2607,,6.847821000000001,,1369.5642,1362.716379
2024-10-10 14:06:00,BUY,6,228.13,1368.78,6.8439,1375.6239,,
2024-10-10 14:07:00,SELL,6,228.03,,6.8409,,1368.18,1361.3391000000001
2024-10-10 14:08:00,BUY,6,228.2,1369.1999999999998,6.845999999999999,1376.0459999999998,,
2024-10-10 14:09:00,SELL,6,228.14,,6.8442,,1368.84,1361.9958
2024-10-10 14:10:00,BUY,6,228.21,1369.26,6.8463,1376.1063,,
2024-10-10 14:11:00,SELL,6,228.17,,6.8451,,1369.02,1362.1749
2024-10-10 14:12:00,BUY,5,227.995,1139.975,5.699875,1145.674875,,
2024-10-10 14:13:00,SELL,5,227.89,,5.6972499999999995,,1139.4499999999998,1133.7527499999999
2024-10-10 14:14:00,BUY,5,227.94,1139.7,5.6985,1145.3985,,
2024-10-10 14:15:00,SELL,5,228.025,,5.7006250000000005,,1140.125,1134.424375
2024-10-10 14:16:00,BUY,5,227.995,1139.975,5.699875,1145.674875,,
2024-10-10 14:17:00,SELL,5,227.9,,5.6975,,1139.5,1133.8025
2024-10-10 14:18:00,BUY,5,227.9906,1139.953,5.699765,1145.652765,,
2024-10-10 14:19:00,SELL,5,227.95,,5.69875,,1139.75,1134.05125
2024-10-10 14:20:00,BUY,5,227.88,1139.4,5.697000000000001,1145.097,,
2024-10-10 14:21:00,SELL,5,227.872,,5.6968000000000005,,1139.3600000000001,1133.6632000000002
2024-10-10 14:22:00,BUY,5,227.988,1139.94,5.6997,1145.6397,,
2024-10-10 14:23:00,SELL,5,227.95,,5.69875,,1139.75,1134.05125
2024-10-10 14:24:00,BUY,5,228.08,1140.4,5.702000000000001,1146.102,,
2024-10-10 14:25:00,SELL,5,227.91,,5.69775,,1139.55,1133.85225
2024-10-10 14:26:00,BUY,5,228.0147,1140.0735,5.7003675,1145.7738675,,
2024-10-10 14:27:00,SELL,5,228.2308,,5.70577,,1141.154,1135.44823
2024-10-10 14:28:00,BUY,5,228.2199,1141.0995,5.7054975,1146.8049975000001,,
2024-10-10 14:29:00,SELL,5,228.2555,,5.706387500000001,,1141.2775000000001,1135.5711125000003
2024-10-10 14:30:00,BUY,5,228.3001,1141.5004999999999,5.7075024999999995,1147.2080024999998,,
2024-10-10 14:31:00,SELL,5,228.19,,5.704750000000001,,1140.95,1135.24525
2024-10-10 14:32:00,BUY,5,228.0,1140.0,5.7,1145.7,,
2024-10-10 14:33:00,SELL,5,228.09,,5.70225,,1140.45,1134.74775
2024-10-10 14:34:00,BUY,5,227.97,1139.85,5.699249999999999,1145.5492499999998,,
2024-10-10 14:35:00,SELL,5,227.89,,5.6972499999999995,,1139.4499999999998,1133.7527499999999
2024-10-10 14:36:00,BUY,5,227.7494,1138.747,5.693735,1144.4407350000001,,
2024-10-10 14:37:00,SELL,5,227.95,,5.69875,,1139.75,1134.05125
2024-10-10 14:38:00,BUY,5,227.96,1139.8,5.699,1145.499,,
2024-10-10 14:39:00,SELL,5,227.97,,5.699249999999999,,1139.85,1134.15075
2024-10-10 14:40:00,BUY,5,227.88,1139.4,5.697000000000001,1145.097,,
2024-10-10 14:41:00,SELL,5,227.86,,5.696500000000001,,1139.3000000000002,1133.6035000000002
2024-10-10 14:42:00,BUY,5,228.1,1140.5,5.7025,1146.2025,,
2024-10-10 14:43:00,SELL,5,228.1429,,5.7035725,,1140.7145,1135.0109275
2024-10-10 14:44:00,BUY,5,228.15,1140.75,5.70375,1146.45375,,
2024-10-10 14:45:00,SELL,5,228.1701,,5.7042525,,1140.8505,1135.1462475
2024-10-10 14:46:00,BUY,5,228.2055,1141.0275,5.705137499999999,1146.7326375,,
2024-10-10 14:47:00,SELL,5,228.2744,,5.706860000000001,,1141.372,1135.66514
2024-10-10 14:48:00,BUY,5,228.07,1140.35,5.70175,1146.0517499999999,,
2024-10-10 14:49:00,SELL,5,228.08,,5.702000000000001,,1140.4,1134.698
2024-10-10 14:50:00,BUY,5,228.2096,1141.048,5.70524,1146.75324,,
2024-10-10 14:51:00,SELL,5,227.97,,5.699249999999999,,1139.85,1134.15075
2024-10-10 14:52:00,BUY,5,227.87,1139.35,5.69675,1145.04675,,
2024-10-10 14:53:00,SELL,5,227.78,,5.694500000000001,,1138.9,1133.2055
2024-10-10 14:54:00,BUY,4,227.81,911.24,4.5562000000000005,915.7962,,
2024-10-10 14:55:00,SELL,4,227.85,,4.557,,911.4,906.843
2024-10-10 14:56:00,BUY,4,227.9,911.6,4.558,916.158,,
2024-10-10 14:57:00,SELL,4,227.85,,4.557,,911.4,906.843
2024-10-10 14:58:00,BUY,4,227.805,911.22,4.5561,915.7761,,
2024-10-10 14:59:00,SELL,4,227.83,,4.5566,,911.32,906.7634
2024-10-10 15:00:00,BUY,4,227.81,911.24,4.5562000000000005,915.7962,,
2024-10-10 15:01:00,SELL,4,227.875,,4.5575,,911.5,906.9425
2024-10-10 15:02:00,BUY,4,227.8244,911.2976,4.556488,915.8540879999999,,
2024-10-10 15:03:00,SELL,4,227.93,,4.5586,,911.72,907.1614000000001
2024-10-10 15:04:00,BUY,4,227.84,911.36,4.5568,915.9168,,
2024-10-10 15:05:00,SELL,4,227.86,,4.557200000000001,,911.44,906.8828000000001
2024-10-10 15:06:00,BUY,4,227.9,911.6,4.558,916.158,,
2024-10-10 15:07:00,SELL,4,227.97,,4.5594,,911.88,907.3206
2024-10-10 15:08:00,BUY,4,228.018,912.072,4.56036,916.63236,,
2024-10-10 15:09:00,SELL,4,227.99,,4.5598,,911.96,907.4002
2024-10-10 15:10:00,BUY,4,227.95,911.8,4.559,916.3589999999999,,
2024-10-10 15:11:00,SELL,4,228.0,,4.5600000000000005,,912.0,907.44
2024-10-10 15:12:00,BUY,4,227.92,911.68,4.5584,916.2384,,
2024-10-10 15:13:00,SELL,4,227.984,,4.55968,,911.936,907.3763200000001
2024-10-10 15:14:00,BUY,4,228.15,912.6,4.563000000000001,917.163,,
2024-10-10 15:15:00,SELL,4,228.22,,4.5644,,912.88,908.3156
2024-10-10 15:16:00,BUY,4,228.055,912.22,4.561100000000001,916.7811,,
2024-10-10 15:17:00,SELL,4,228.1194,,4.562388,,912.4776,907.915212
2024-10-10 15:18:00,BUY,4,228.1096,912.4384,4.5621920000000005,917.000592,,
2024-10-10 15:19:00,SELL,4,228.16,,4.5632,,912.64,908.0767999999999
2024-10-10 15:20:00,BUY,4,228.16,912.64,4.5632,917.2032,,
2024-10-10 15:21:00,SELL,4,228.2999,,4.5659980000000004,,913.1996,908.633602
2024-10-10 15:22:00,BUY,4,228.337417,913.349668,4.56674834,917.91641634,,
2024-10-10 15:23:00,SELL,4,228.3101,,4.5662020000000005,,913.2404,908.674198
2024-10-10 15:24:00,BUY,4,228.34,913.36,4.5668,917.9268,,
2024-10-10 15:25:00,SELL,4,228.32,,4.5664,,913.28,908.7135999999999
2024-10-10 15:26:00,BUY,4,228.34,913.36,4.5668,917.9268,,
2024-10-10 15:27:00,SELL,4,228.33,,4.5666,,913.32,908.7534
2024-10-10 15:28:00,BUY,4,228.34,913.36,4.5668,917.9268,,
2024-10-10 15:29:00,SELL,4,228.29,,4.5658,,913.16,908.5942
2024-10-10 15:30:00,BUY,4,228.2202,912.8808,4.564404000000001,917.445204,,
2024-10-10 15:31:00,SELL,4,228.1627,,4.563254,,912.6508,908.087546
2024-10-10 15:32:00,BUY,4,228.165,912.66,4.5633,917.2233,,
2024-10-10 15:33:00,SELL,4,228.305,,4.5661000000000005,,913.22,908.6539
2024-10-10 15:34:00,BUY,4,228.3796,913.5184,4.567592,918.085992,,
2024-10-10 15:35:00,SELL,4,228.325,,4.5665,,913.3,908.7334999999999
2024-10-10 15:36:00,BUY,4,228.37,913.48,4.5674,918.0474,,
2024-10-10 15:37:00,SELL,4,228.3799,,4.567598,,913.5196,908.952002
2024-10-10 15:38:00,BUY,4,228.345,913.38,4.5669,917.9469,,
2024-10-10 15:39:00,SELL,4,228.42,,4.5684,,913.68,909.1116
2024-10-10 15:40:00,BUY,4,228.3305,913.322,4.56661,917.88861,,
2024-10-10 15:41:00,SELL,4,228.215,,4.5643,,912.86,908.2957
2024-10-10 15:42:00,BUY,4,228.325,913.3,4.5665,917.8665,,
2024-10-10 15:43:00,SELL,4,228.35,,4.567,,913.4,908.833
2024-10-10 15:44:00,BUY,4,228.36,913.44,4.567200000000001,918.0072,,
2024-10-10 15:45:00,SELL,4,228.43,,4.5686,,913.72,909.1514000000001
2024-10-10 15:46:00,BUY,4,228.3701,913.4804,4.567402,918.047802,,
2024-10-10 15:47:00,SELL,4,228.405,,4.5681,,913.62,909.0519
2024-10-10 15:48:00,BUY,3,228.3,684.9000000000001,3.4245000000000005,688.3245000000001,,
2024-10-10 15:49:00,SELL,3,228.36,,3.4254000000000002,,685.08,681.6546000000001
2024-10-10 15:50:00,BUY,3,228.3,684.9000000000001,3.4245000000000005,688.3245000000001,,
2024-10-10 15:51:00,SELL,3,228.185,,3.4227750000000006,,684.5550000000001,681.1322250000001
2024-10-10 15:52:00,BUY,3,228.25,684.75,3.42375,688.17375,,
2024-10-10 15:53:00,SELL,3,228.265,,3.423975,,684.795,681.3710249999999
2024-10-10 15:54:00,BUY,3,228.304,684.912,3.42456,688.3365600000001,,
2024-10-10 15:55:00,SELL,3,228.293,,3.424395,,684.879,681.454605
2024-10-10 15:56:00,BUY,3,228.374,685.122,3.42561,688.54761,,
2024-10-10 15:57:00,SELL,3,228.43,,3.42645,,685.29,681.8635499999999
2024-10-10 15:58:00,BUY,3,228.52,685.5600000000001,3.4278000000000004,688.9878000000001,,
2024-10-10 15:59:00,SELL,3,228.655,,3.429825,,685.965,682.535175
2024-10-10 16:00:00,BUY,3,228.8,686.4000000000001,3.4320000000000004,689.8320000000001,,
2024-10-11 09:58:00,SELL,3,228.71,,3.43065,,686.13,682.69935
2024-10-11 10:52:00,BUY,3,228.73,686.1899999999999,3.4309499999999997,689.62095,,
2024-10-11 10:56:00,SELL,3,228.74,,3.4311000000000003,,686.22,682.7889
2024-10-11 10:58:00,BUY,3,228.75,686.25,3.43125,689.68125,,
2024-10-11 11:00:00,SELL,3,228.8,,3.4320000000000004,,686.4000000000001,682.9680000000001
2024-10-11 11:03:00,BUY,3,228.98,686.9399999999999,3.4347,690.3747,,
2024-10-11 11:04:00,SELL,3,229.0,,3.435,,687.0,683.565
2024-10-11 11:05:00,BUY,3,229.05,687.1500000000001,3.4357500000000005,690.5857500000001,,
2024-10-11 11:06:00,SELL,3,229.05,,3.4357500000000005,,687.1500000000001,683.7142500000001
2024-10-11 11:08:00,BUY,3,229.03,687.09,3.4354500000000003,690.52545,,
2024-10-11 11:09:00,SELL,3,229.0,,3.435,,687.0,683.565
2024-10-11 11:12:00,BUY,3,229.04,687.12,3.4356,690.5556,,
2024-10-11 11:20:00,SELL,3,229.0,,3.435,,687.0,683.565
2024-10-11 11:29:00,BUY,3,229.0,687.0,3.435,690.435,,
2024-10-11 11:31:00,SELL,3,229.01,,3.43515,,687.03,683.59485
2024-10-11 11:33:00,BUY,3,229.06,687.1800000000001,3.4359,690.6159,,
2024-10-11 11:38:00,SELL,3,229.14,,3.4371,,687.42,683.9829
2024-10-11 11:40:00,BUY,3,229.1,687.3,3.4364999999999997,690.7365,,
2024-10-11 11:48:00,SELL,3,229.1,,3.4364999999999997,,687.3,683.8634999999999
2024-10-11 11:51:00,BUY,3,229.1,687.3,3.4364999999999997,690.7365,,
2024-10-11 11:53:00,SELL,3,229.1,,3.4364999999999997,,687.3,683.8634999999999
2024-10-11 11:54:00,BUY,3,229.14,687.42,3.4371,690.8571,,
2024-10-11 11:58:00,SELL,3,229.12,,3.4368000000000003,,687.36,683.9232000000001
2024-10-11 12:00:00,BUY,3,229.0,687.0,3.435,690.435,,
2024-10-11 12:01:00,SELL,3,229.1594,,3.4373910000000003,,687.4782,684.040809
2024-10-11 12:03:00,BUY,3,229.22,687.66,3.4383,691.0983,,
2024-10-11 12:04:00,SELL,3,229.25,,3.43875,,687.75,684.31125
2024-10-11 12:05:00,BUY,3,229.15,687.45,3.43725,690.88725,,
2024-10-11 12:07:00,SELL,3,229.2,,3.4379999999999997,,687.5999999999999,684.1619999999999
2024-10-11 12:08:00,BUY,3,229.2,687.5999999999999,3.4379999999999997,691.0379999999999,,
2024-10-11 12:09:00,SELL,3,229.21,,3.4381500000000003,,687.63,684.19185
2024-10-11 12:10:00,BUY,3,229.27,687.8100000000001,3.4390500000000004,691.24905,,
2024-10-11 12:11:00,SELL,3,229.26,,3.4389,,687.78,684.3411
2024-10-11 12:15:00,BUY,3,229.16,687.48,3.4374000000000002,690.9174,,
2024-10-11 12:18:00,SELL,3,229.22,,3.4383,,687.66,684.2216999999999
2024-10-11 12:19:00,BUY,3,229.2,687.5999999999999,3.4379999999999997,691.0379999999999,,
2024-10-11 12:21:00,SELL,3,229.2,,3.4379999999999997,,687.5999999999999,684.1619999999999
2024-10-11 12:22:00,BUY,3,229.1606,687.4818,3.437409,690.919209,,
2024-10-11 12:25:00,SELL,3,229.2,,3.4379999999999997,,687.5999999999999,684.1619999999999
2024-10-11 12:26:00,BUY,3,229.25,687.75,3.43875,691.18875,,
2024-10-11 12:27:00,SELL,3,229.2,,3.4379999999999997,,687.5999999999999,684.1619999999999
2024-10-11 12:29:00,BUY,3,229.2,687.5999999999999,3.4379999999999997,691.0379999999999,,
2024-10-11 12:30:00,SELL,3,229.49,,3.4423500000000002,,688.47,685.02765
2024-10-11 12:31:00,BUY,3,229.49,688.47,3.4423500000000002,691.9123500000001,,
2024-10-11 12:33:00,SELL,3,229.4,,3.4410000000000003,,688.2,684.759
2024-10-11 12:34:00,BUY,3,229.4,688.2,3.4410000000000003,691.6410000000001,,
2024-10-11 12:35:00,SELL,3,229.4,,3.4410000000000003,,688.2,684.759
2024-10-11 12:36:00,BUY,3,229.364,688.092,3.44046,691.53246,,
2024-10-11 12:37:00,SELL,3,229.25,,3.43875,,687.75,684.31125
2024-10-11 12:38:00,BUY,3,229.09,687.27,3.43635,690.7063499999999,,
2024-10-11 12:40:00,SELL,3,229.0,,3.435,,687.0,683.565
2024-10-11 12:41:00,BUY,3,228.9145,686.7435,3.4337175,690.1772175000001,,
2024-10-11 12:42:00,SELL,3,229.0,,3.435,,687.0,683.565
2024-10-11 12:43:00,BUY,3,229.1,687.3,3.4364999999999997,690.7365,,
2024-10-11 12:44:00,SELL,3,229.0,,3.435,,687.0,683.565
2024-10-11 12:45:00,BUY,2,229.0979,458.1958,2.290979,460.486779,,
2024-10-11 12:46:00,SELL,2,229.1,,2.291,,458.2,455.909
2024-10-11 12:47:00,BUY,2,228.88,457.76,2.2888,460.04879999999997,,
2024-10-11 12:48:00,SELL,2,228.92,,2.2892,,457.84,455.5508
2024-10-11 12:50:00,BUY,2,228.99,457.98,2.2899000000000003,460.2699,,
2024-10-11 12:51:00,SELL,2,228.99,,2.2899000000000003,,457.98,455.69010000000003
2024-10-11 12:52:00,BUY,2,228.96,457.92,2.2896,460.2096,,
2024-10-11 12:54:00,SELL,2,228.8,,2.2880000000000003,,457.6,455.312
2024-10-11 12:55:00,BUY,2,228.9,457.8,2.289,460.089,,
2024-10-11 12:56:00,SELL,2,228.933,,2.28933,,457.866,455.57667
2024-10-11 12:58:00,BUY,2,228.86,457.72,2.2886,460.0086,,
2024-10-11 12:59:00,SELL,2,228.96,,2.2896,,457.92,455.6304
2024-10-11 13:00:00,BUY,2,229.0,458.0,2.29,460.29,,
2024-10-11 13:01:00,SELL,2,229.09,,2.2909,,458.18,455.8891
2024-10-11 13:02:00,BUY,2,229.2,458.4,2.292,460.69199999999995,,
2024-10-11 13:03:00,SELL,2,229.2,,2.292,,458.4,456.108
2024-10-11 13:05:00,BUY,2,229.24,458.48,2.2924,460.7724,,
2024-10-11 13:06:00,SELL,2,229.3,,2.293,,458.6,456.307
2024-10-11 13:07:00,BUY,2,229.255,458.51,2.29255,460.80255,,
2024-10-11 13:08:00,SELL,2,229.35,,2.2935,,458.7,456.4065
2024-10-11 13:11:00,BUY,2,229.5,459.0,2.295,461.295,,
2024-10-11 13:12:00,SELL,2,229.55,,2.2955,,459.1,456.8045
2024-10-11 13:13:00,BUY,2,229.48,458.96,2.2948,461.2548,,
2024-10-11 13:14:00,SELL,2,229.48,,2.2948,,458.96,456.66519999999997
2024-10-11 13:15:00,BUY,2,229.4797,458.9594,2.294797,461.25419700000003,,
2024-10-11 13:18:00,SELL,2,229.36,,2.2936,,458.72,456.4264
2024-10-11 13:19:00,BUY,2,229.2965,458.593,2.292965,460.885965,,
2024-10-11 13:20:00,SELL,2,229.42,,2.2942,,458.84,456.5458
2024-10-11 13:21:00,BUY,2,229.4,458.8,2.294,461.094,,
2024-10-11 13:22:00,SELL,2,229.4,,2.294,,458.8,456.50600000000003
2024-10-11 13:23:00,BUY,2,229.4,458.8,2.294,461.094,,
2024-10-11 13:24:00,SELL,2,229.5,,2.295,,459.0,456.705
2024-10-11 13:25:00,BUY,2,229.13,458.26,2.2913,460.55129999999997,,
2024-10-11 13:26:00,SELL,2,229.088,,2.29088,,458.176,455.88512
2024-10-11 13:27:00,BUY,2,229.2,458.4,2.292,460.69199999999995,,
2024-10-11 13:28:00,SELL,2,229.2,,2.292,,458.4,456.108
2024-10-11 13:29:00,BUY,2,229.49,458.98,2.2949,461.2749,,
2024-10-11 13:30:00,SELL,2,228.295,,2.28295,,456.59,454.30704999999995
2024-10-11 13:31:00,BUY,2,228.515,457.03,2.28515,459.31514999999996,,
2024-10-11 13:32:00,SELL,2,228.51,,2.2851,,457.02,454.7349
2024-10-11 13:33:00,BUY,2,228.64,457.28,2.2864,459.5664,,
2024-10-11 13:34:00,SELL,2,228.14,,2.2814,,456.28,453.99859999999995
2024-10-11 13:35:00,BUY,2,227.81,455.62,2.2781000000000002,457.8981,,
2024-10-11 13:36:00,SELL,2,228.23,,2.2822999999999998,,456.46,454.17769999999996
2024-10-11 13:37:00,BUY,2,228.255,456.51,2.28255,458.79255,,
2024-10-11 13:38:00,SELL,2,228.355,,2.28355,,456.71,454.42645
2024-10-11 13:39:00,BUY,2,227.95,455.9,2.2795,458.17949999999996,,
2024-10-11 13:40:00,SELL,2,227.97,,2.2797,,455.94,453.6603
2024-10-11 13:41:00,BUY,2,227.8436,455.6872,2.278436,457.965636,,
2024-10-11 13:42:00,SELL,2,227.9,,2.279,,455.8,453.521
2024-10-11 13:43:00,BUY,2,228.05,456.1,2.2805,458.38050000000004,,
2024-10-11 13:44:00,SELL,2,227.47,,2.2747,,454.94,452.6653
2024-10-11 13:45:00,BUY,2,227.68,455.36,2.2768,457.6368,,
2024-10-11 13:46:00,SELL,2,227.885,,2.27885,,455.77,453.49115
2024-10-11 13:47:00,BUY,2,227.82,455.64,2.2782,457.9182,,
2024-10-11 13:48:00,SELL,2,227.8831,,2.2788310000000003,,455.7662,453.487369
2024-10-11 13:49:00,BUY,2,227.96,455.92,2.2796000000000003,458.19960000000003,,
2024-10-11 13:50:00,SELL,2,227.945,,2.27945,,455.89,453.61055
2024-10-11 13:51:00,BUY,2,227.939,455.878,2.27939,458.15738999999996,,
2024-10-11 13:52:00,SELL,2,227.799,,2.27799,,455.598,453.32001
2024-10-11 13:53:00,BUY,2,227.7695,455.539,2.277695,457.816695,,
2024-10-11 13:54:00,SELL,2,227.965,,2.27965,,455.93,453.65035
2024-10-11 13:55:00,BUY,2,227.9895,455.979,2.279895,458.258895,,
2024-10-11 13:56:00,SELL,2,227.99,,2.2799,,455.98,453.7001
2024-10-11 13:57:00,BUY,2,228.045,456.09,2.28045,458.37044999999995,,
2024-10-11 13:58:00,SELL,2,227.955,,2.27955,,455.91,453.63045000000005
2024-10-11 13:59:00,BUY,2,227.96,455.92,2.2796000000000003,458.19960000000003,,
2024-10-11 14:00:00,SELL,2,227.72,,2.2772,,455.44,453.1628
2024-10-11 14:01:00,BUY,2,227.73,455.46,2.2773,457.7373,,
2024-10-11 14:02:00,SELL,2,227.72,,2.2772,,455.44,453.1628
2024-10-11 14:03:00,BUY,2,227.87,455.74,2.2787,458.0187,,
2024-10-11 14:04:00,SELL,2,227.95,,2.2795,,455.9,453.6205
2024-10-11 14:05:00,BUY,2,227.965,455.93,2.27965,458.20965,,
2024-10-11 14:06:00,SELL,2,228.07,,2.2807,,456.14,453.85929999999996
2024-10-11 14:07:00,BUY,2,228.2399,456.4798,2.2823990000000003,458.762199,,
2024-10-11 14:08:00,SELL,2,228.2,,2.282,,456.4,454.118
2024-10-11 14:09:00,BUY,2,228.2487,456.4974,2.282487,458.77988700000003,,
2024-10-11 14:10:00,SELL,2,228.33,,2.2833,,456.66,454.3767
2024-10-11 14:11:00,BUY,2,228.425,456.85,2.28425,459.13425,,
2024-10-11 14:12:00,SELL,2,228.467491,,2.28467491,,456.934982,454.65030709
2024-10-11 14:13:00,BUY,2,228.45,456.9,2.2845,459.18449999999996,,
2024-10-11 14:14:00,SELL,2,228.5623,,2.285623,,457.1246,454.838977
2024-10-11 14:15:00,BUY,2,228.62,457.24,2.2862,459.5262,,
2024-10-11 14:16:00,SELL,2,228.36,,2.2836000000000003,,456.72,454.43640000000005
2024-10-11 14:17:00,BUY,2,228.37,456.74,2.2837,459.0237,,
2024-10-11 14:18:00,SELL,2,228.4162,,2.2841620000000002,,456.8324,454.548238
2024-10-11 14:19:00,BUY,2,228.39,456.78,2.2839,459.0639,,
2024-10-11 14:20:00,SELL,2,228.39,,2.2839,,456.78,454.49609999999996
2024-10-11 14:21:00,BUY,2,228.53,457.06,2.2853,459.3453,,
2024-10-11 14:22:00,SELL,2,228.552,,2.28552,,457.104,454.81847999999997
2024-10-11 14:23:00,BUY,2,228.57,457.14,2.2857,459.4257,,
2024-10-11 14:24:00,SELL,2,228.55,,2.2855000000000003,,457.1,454.8145
2024-10-11 14:25:00,BUY,2,228.61,457.22,2.2861000000000002,459.5061,,
2024-10-11 14:26:00,SELL,2,228.62,,2.2862,,457.24,454.9538
2024-10-11 14:27:00,BUY,2,228.76,457.52,2.2876,459.8076,,
2024-10-11 14:28:00,SELL,2,228.9,,2.289,,457.8,455.511
2024-10-11 14:29:00,BUY,2,228.76,457.52,2.2876,459.8076,,
2024-10-11 14:30:00,SELL,2,228.74,,2.2874000000000003,,457.48,455.1926
2024-10-11 14:31:00,BUY,2,228.76,457.52,2.2876,459.8076,,
2024-10-11 14:32:00,SELL,2,228.775,,2.28775,,457.55,455.26225
2024-10-11 14:33:00,BUY,2,228.6699,457.3398,2.286699,459.626499,,
2024-10-11 14:34:00,SELL,2,228.8,,2.2880000000000003,,457.6,455.312
2024-10-11 14:35:00,BUY,2,228.98,457.96,2.2898,460.2498,,
2024-10-11 14:36:00,SELL,2,229.0341,,2.290341,,458.0682,455.777859
2024-10-11 14:37:00,BUY,2,228.965,457.93,2.28965,460.21965,,
2024-10-11 14:38:00,SELL,2,229.11,,2.2911,,458.22,455.9289
2024-10-11 14:39:00,BUY,1,229.07,229.07,1.14535,230.21535,,
2024-10-11 14:40:00,SELL,1,229.0837,,1.1454185,,229.0837,227.9382815
2024-10-11 14:41:00,BUY,1,229.1117,229.1117,1.1455585000000001,230.2572585,,
2024-10-11 14:42:00,SELL,1,229.1,,1.1455,,229.1,227.9545
2024-10-11 14:43:00,BUY,1,228.8873,228.8873,1.1444365,230.03173650000002,,
2024-10-11 14:44:00,SELL,1,228.7701,,1.1438505,,228.7701,227.6262495
2024-10-11 14:45:00,BUY,1,228.6136,228.6136,1.143068,229.756668,,
2024-10-11 14:46:00,SELL,1,228.75,,1.14375,,228.75,227.60625
2024-10-11 14:47:00,BUY,1,228.4238,228.4238,1.142119,229.565919,,
2024-10-11 14:48:00,SELL,1,228.35,,1.14175,,228.35,227.20825
2024-10-11 14:49:00,BUY,1,228.4067,228.4067,1.1420335,229.5487335,,
2024-10-11 14:50:00,SELL,1,228.25,,1.14125,,228.25,227.10875
2024-10-11 14:51:00,BUY,1,228.09,228.09,1.14045,229.23045,,
2024-10-11 14:52:00,SELL,1,227.995,,1.139975,,227.995,226.855025
2024-10-11 14:53:00,BUY,1,228.12,228.12,1.1406,229.2606,,
2024-10-11 14:54:00,SELL,1,228.055,,1.1402750000000001,,228.055,226.914725
2024-10-11 14:55:00,BUY,1,227.97,227.97,1.13985,229.10985,,
2024-10-11 14:56:00,SELL,1,227.966,,1.1398300000000001,,227.966,226.82617000000002
2024-10-11 14:57:00,BUY,1,228.145,228.145,1.140725,229.285725,,
2024-10-11 14:58:00,SELL,1,228.15,,1.1407500000000002,,228.15,227.00925
2024-10-11 14:59:00,BUY,1,228.09,228.09,1.14045,229.23045,,
2024-10-11 15:00:00,SELL,1,228.08,,1.1404,,228.08,226.9396
2024-10-11 15:01:00,BUY,1,228.1531,228.1531,1.1407655,229.29386549999998,,
2024-10-11 15:02:00,SELL,1,228.21,,1.1410500000000001,,228.21,227.06895
2024-10-11 15:03:00,BUY,1,228.13,228.13,1.14065,229.27065,,
2024-10-11 15:04:00,SELL,1,228.245,,1.1412250000000002,,228.245,227.103775
2024-10-11 15:05:00,BUY,1,228.27696,228.27696,1.1413848,229.4183448,,
2024-10-11 15:06:00,SELL,1,228.36,,1.1418000000000001,,228.36,227.21820000000002
2024-10-11 15:07:00,BUY,1,228.27,228.27,1.14135,229.41135,,
2024-10-11 15:08:00,SELL,1,228.355,,1.141775,,228.355,227.213225
2024-10-11 15:09:00,BUY,1,228.194,228.194,1.14097,229.33497,,
2024-10-11 15:10:00,SELL,1,228.1814,,1.1409070000000001,,228.1814,227.040493
2024-10-11 15:11:00,BUY,1,228.18,228.18,1.1409,229.3209,,
2024-10-11 15:12:00,SELL,1,228.29,,1.14145,,228.29,227.14855
2024-10-11 15:13:00,BUY,1,228.23,228.23,1.1411499999999999,229.37115,,
2024-10-11 15:14:00,SELL,1,228.2209,,1.1411045,,228.2209,227.0797955
2024-10-11 15:15:00,BUY,1,228.21,228.21,1.1410500000000001,229.35105000000001,,
2024-10-11 15:16:00,SELL,1,228.1402,,1.140701,,228.1402,226.999499
2024-10-11 15:17:00,BUY,1,228.105,228.105,1.140525,229.245525,,
2024-10-11 15:18:00,SELL,1,227.93,,1.13965,,227.93,226.79035000000002
2024-10-11 15:19:00,BUY,1,227.852,227.852,1.13926,228.99126,,
2024-10-11 15:20:00,SELL,1,227.975,,1.139875,,227.975,226.835125
2024-10-11 15:21:00,BUY,1,227.95,227.95,1.13975,229.08974999999998,,
2024-10-11 15:22:00,SELL,1,227.97,,1.13985,,227.97,226.83015
2024-10-11 15:23:00,BUY,1,227.89,227.89,1.1394499999999999,229.02945,,
2024-10-11 15:24:00,SELL,1,227.79,,1.13895,,227.79,226.65105
2024-10-11 15:25:00,BUY,1,227.88,227.88,1.1394,229.0194,,
2024-10-11 15:26:00,SELL,1,227.895,,1.139475,,227.895,226.755525
2024-10-11 15:27:00,BUY,1,228.0,228.0,1.1400000000000001,229.14,,
2024-10-11 15:28:00,SELL,1,227.945,,1.139725,,227.945,226.805275
2024-10-11 15:29:00,BUY,1,227.975,227.975,1.139875,229.11487499999998,,
2024-10-11 15:30:00,SELL,1,228.055,,1.1402750000000001,,228.055,226.914725
2024-10-11 15:31:00,BUY,1,227.985,227.985,1.139925,229.12492500000002,,
2024-10-11 15:32:00,SELL,1,227.96,,1.1398000000000001,,227.96,226.8202
2024-10-11 15:33:00,BUY,1,228.0248,228.0248,1.140124,229.16492399999998,,
2024-10-11 15:34:00,SELL,1,228.005,,1.140025,,228.005,226.864975
2024-10-11 15:35:00,BUY,1,227.95,227.95,1.13975,229.08974999999998,,
2024-10-11 15:36:00,SELL,1,227.92,,1.1396,,227.92,226.7804
2024-10-11 15:37:00,BUY,1,227.889,227.889,1.139445,229.028445,,
2024-10-11 15:38:00,SELL,1,227.86,,1.1393000000000002,,227.86,226.72070000000002
2024-10-11 15:39:00,BUY,1,227.71,227.71,1.1385500000000002,228.84855000000002,,
2024-10-11 15:40:00,SELL,1,227.775,,1.138875,,227.775,226.636125
2024-10-11 15:41:00,BUY,1,227.865,227.865,1.1393250000000001,229.00432500000002,,
2024-10-11 15:42:00,SELL,1,227.94,,1.1397,,227.94,226.8003
2024-10-11 15:43:00,BUY,1,227.99,227.99,1.13995,229.12995,,
2024-10-11 15:44:00,SELL,1,227.92,,1.1396,,227.92,226.7804
2024-10-11 15:45:00,BUY,1,227.91,227.91,1.13955,229.04955,,
2024-10-11 15:46:00,SELL,1,227.955,,1.139775,,227.955,226.81522500000003
2024-10-11 15:47:00,BUY,1,227.868,227.868,1.13934,229.00734,,
2024-10-11 15:48:00,SELL,1,227.76,,1.1388,,227.76,226.6212
2024-10-11 15:49:00,BUY,1,227.83,227.83,1.13915,228.96915,,
2024-10-11 15:50:00,SELL,1,227.815,,1.139075,,227.815,226.675925
2024-10-11 15:51:00,BUY,1,227.77,227.77,1.1388500000000001,228.90885,,
2024-10-11 15:52:00,SELL,1,227.78,,1.1389,,227.78,226.6411
2024-10-11 15:53:00,BUY,1,227.805,227.805,1.139025,228.944025,,
2024-10-11 15:54:00,SELL,1,227.855,,1.139275,,227.855,226.715725
2024-10-11 15:55:00,BUY,1,227.95,227.95,1.13975,229.08974999999998,,
2024-10-11 15:56:00,SELL,1,227.9785,,1.1398925,,227.9785,226.8386075
2024-10-11 15:57:00,BUY,1,227.98,227.98,1.1399,229.1199,,
2024-10-11 15:58:00,SELL,1,228.005,,1.140025,,228.005,226.864975
2024-10-11 15:59:00,BUY,1,228.0699,228.0699,1.1403495,229.2102495,,
2024-10-11 16:00:00,SELL,1,228.0001,,1.1400005,,228.0001,226.8600995
2024-10-14 09:32:00,BUY,1,228.23,228.23,1.1411499999999999,229.37115,,
2024-10-14 09:34:00,SELL,1,228.0,,1.1400000000000001,,228.0,226.86
2024-10-14 09:37:00,BUY,1,227.95,227.95,1.13975,229.08974999999998,,
2024-10-14 09:38:00,SELL,1,228.05,,1.14025,,228.05,226.90975
2024-10-14 09:42:00,BUY,1,228.05,228.05,1.14025,229.19025000000002,,
2024-10-14 09:46:00,SELL,1,228.01,,1.14005,,228.01,226.86995
2024-10-14 09:50:00,BUY,1,228.0,228.0,1.1400000000000001,229.14,,
2024-10-14 09:52:00,SELL,1,228.13,,1.14065,,228.13,226.98935
2024-10-14 09:53:00,BUY,1,228.21,228.21,1.1410500000000001,229.35105000000001,,
2024-10-14 09:56:00,SELL,1,228.2,,1.141,,228.2,227.059
2024-10-14 09:59:00,BUY,1,228.24,228.24,1.1412,229.3812,,
2024-10-14 10:00:00,SELL,1,228.04,,1.1401999999999999,,228.04,226.8998
2024-10-14 10:02:00,BUY,1,228.04,228.04,1.1401999999999999,229.18019999999999,,
2024-10-14 10:06:00,SELL,1,228.19,,1.14095,,228.19,227.04905
2024-10-14 10:08:00,BUY,1,228.25,228.25,1.14125,229.39125,,
2024-10-14 10:09:00,SELL,1,228.29,,1.14145,,228.29,227.14855
2024-10-14 10:15:00,BUY,1,228.35,228.35,1.14175,229.49175,,
2024-10-14 10:16:00,SELL,1,228.53,,1.14265,,228.53,227.38735
2024-10-14 10:17:00,BUY,1,228.66,228.66,1.1433,229.8033,,
2024-10-14 10:18:00,SELL,1,228.78,,1.1439000000000001,,228.78,227.6361
2024-10-14 10:19:00,BUY,1,228.88,228.88,1.1444,230.02439999999999,,
2024-10-14 10:20:00,SELL,1,228.88,,1.1444,,228.88,227.7356
2024-10-14 10:21:00,BUY,1,228.98,228.98,1.1449,230.1249,,
2024-10-14 10:22:00,SELL,1,229.0,,1.145,,229.0,227.855
2024-10-14 10:23:00,BUY,1,229.2,229.2,1.146,230.34599999999998,,
2024-10-14 10:24:00,SELL,1,229.29,,1.14645,,229.29,228.14355
2024-10-14 10:25:00,BUY,1,229.25,229.25,1.14625,230.39625,,
2024-10-14 10:26:00,SELL,1,229.2,,1.146,,229.2,228.054
2024-10-14 10:27:00,BUY,1,229.04,229.04,1.1452,230.18519999999998,,
2024-10-14 10:29:00,SELL,1,228.92,,1.1446,,228.92,227.7754
2024-10-14 10:31:00,BUY,1,229.1,229.1,1.1455,230.2455,,
2024-10-14 10:32:00,SELL,1,229.3,,1.1465,,229.3,228.1535
2024-10-14 10:35:00,BUY,1,229.49,229.49,1.14745,230.63745,,
2024-10-14 10:36:00,SELL,1,229.41,,1.14705,,229.41,228.26295
2024-10-14 10:42:00,BUY,1,229.31,229.31,1.14655,230.45655,,
2024-10-14 10:43:00,SELL,1,229.35,,1.14675,,229.35,228.20325
2024-10-14 10:45:00,BUY,1,229.46,229.46,1.1473,230.6073,,
2024-10-14 10:46:00,SELL,1,229.32,,1.1466,,229.32,228.1734
2024-10-14 10:47:00,BUY,1,229.23,229.23,1.14615,230.37615,,
2024-10-14 10:51:00,SELL,1,229.18,,1.1459000000000001,,229.18,228.0341
2024-10-14 10:52:00,BUY,1,229.15,229.15,1.14575,230.29575,,
2024-10-14 10:53:00,SELL,1,229.21,,1.14605,,229.21,228.06395
2024-10-14 10:55:00,BUY,1,229.09,229.09,1.14545,230.23545000000001,,
2024-10-14 10:58:00,SELL,1,229.06,,1.1453,,229.06,227.9147
2024-10-14 10:59:00,BUY,1,229.0,229.0,1.145,230.145,,
2024-10-14 11:00:00,SELL,1,229.04,,1.1452,,229.04,227.8948
2024-10-14 11:01:00,BUY,1,228.99,228.99,1.1449500000000001,230.13495,,
2024-10-14 11:02:00,SELL,1,229.15,,1.14575,,229.15,228.00425
2024-10-14 11:03:00,BUY,1,229.1,229.1,1.1455,230.2455,,
2024-10-14 11:05:00,SELL,1,229.1,,1.1455,,229.1,227.9545
2024-10-14 11:07:00,BUY,1,229.15,229.15,1.14575,230.29575,,
2024-10-14 11:08:00,SELL,1,229.2,,1.146,,229.2,228.054
2024-10-14 11:09:00,BUY,1,229.18,229.18,1.1459000000000001,230.32590000000002,,
2024-10-14 11:11:00,SELL,1,229.0,,1.145,,229.0,227.855
2024-10-14 11:13:00,BUY,1,229.04,229.04,1.1452,230.18519999999998,,
2024-10-14 11:14:00,SELL,1,229.04,,1.1452,,229.04,227.8948
2024-10-14 11:15:00,BUY,1,229.0,229.0,1.145,230.145,,
2024-10-14 11:16:00,SELL,1,229.05,,1.14525,,229.05,227.90475
2024-10-14 11:17:00,BUY,1,229.2,229.2,1.146,230.34599999999998,,
2024-10-14 11:18:00,SELL,1,229.07,,1.14535,,229.07,227.92464999999999
2024-10-14 11:19:00,BUY,1,229.02,229.02,1.1451,230.16510000000002,,
2024-10-14 11:21:00,SELL,1,228.9,,1.1445,,228.9,227.7555
2024-10-14 11:23:00,BUY,1,228.94,228.94,1.1447,230.0847,,
2024-10-14 11:25:00,SELL,1,228.99,,1.1449500000000001,,228.99,227.84505000000001
2024-10-14 11:28:00,BUY,1,228.91,228.91,1.14455,230.05455,,
2024-10-14 11:30:00,SELL,1,228.92,,1.1446,,228.92,227.7754
2024-10-14 11:31:00,BUY,1,228.92,228.92,1.1446,230.06459999999998,,
2024-10-14 11:32:00,SELL,1,228.96,,1.1448,,228.96,227.8152
2024-10-14 11:33:00,BUY,1,228.95,228.95,1.14475,230.09474999999998,,
2024-10-14 11:35:00,SELL,1,228.94,,1.1447,,228.94,227.7953
2024-10-14 11:36:00,BUY,1,228.98,228.98,1.1449,230.1249,,
2024-10-14 11:37:00,SELL,1,229.0,,1.145,,229.0,227.855
2024-10-14 11:38:00,BUY,1,229.0,229.0,1.145,230.145,,
2024-10-14 11:42:00,SELL,1,228.97,,1.14485,,228.97,227.82515
2024-10-14 11:43:00,BUY,1,228.99,228.99,1.1449500000000001,230.13495,,
2024-10-14 11:44:00,SELL,1,229.0,,1.145,,229.0,227.855
2024-10-14 11:49:00,BUY,1,229.0,229.0,1.145,230.145,,
2024-10-14 11:52:00,SELL,1,228.93,,1.1446500000000002,,228.93,227.78535
2024-10-14 11:53:00,BUY,1,228.77,228.77,1.14385,229.91385,,
2024-10-14 11:54:00,SELL,1,228.76,,1.1438,,228.76,227.6162
2024-10-14 11:55:00,BUY,1,228.7,228.7,1.1435,229.84349999999998,,
2024-10-14 11:56:00,SELL,1,228.7,,1.1435,,228.7,227.5565
2024-10-14 11:57:00,BUY,1,228.74,228.74,1.1437000000000002,229.8837,,
2024-10-14 11:58:00,SELL,1,228.84,,1.1442,,228.84,227.6958
2024-10-14 11:59:00,BUY,1,228.8,228.8,1.1440000000000001,229.94400000000002,,
2024-10-14 12:00:00,SELL,1,228.8,,1.1440000000000001,,228.8,227.656
2024-10-14 12:01:00,BUY,1,228.819,228.819,1.1440949999999999,229.96309499999998,,
2024-10-14 12:02:00,SELL,1,228.61,,1.1430500000000001,,228.61,227.46695000000003
2024-10-14 12:03:00,BUY,1,228.6236,228.6236,1.143118,229.766718,,
2024-10-14 12:05:00,SELL,1,228.8286,,1.144143,,228.8286,227.68445699999998
2024-10-14 12:07:00,BUY,1,228.75,228.75,1.14375,229.89375,,
2024-10-14 12:09:00,SELL,1,228.71,,1.14355,,228.71,227.56645
2024-10-14 12:10:00,BUY,1,228.74,228.74,1.1437000000000002,229.8837,,
2024-10-14 12:11:00,SELL,1,228.75,,1.14375,,228.75,227.60625
2024-10-14 12:12:00,BUY,1,228.8,228.8,1.1440000000000001,229.94400000000002,,
2024-10-14 12:14:00,SELL,1,228.85,,1.14425,,228.85,227.70575
2024-10-14 12:15:00,BUY,1,228.98,228.98,1.1449,230.1249,,
2024-10-14 12:16:00,SELL,1,228.95,,1.14475,,228.95,227.80525
2024-10-14 12:17:00,BUY,1,228.81,228.81,1.14405,229.95405,,
2024-10-14 12:18:00,SELL,1,228.88,,1.1444,,228.88,227.7356
2024-10-14 12:22:00,BUY,1,228.9,228.9,1.1445,230.0445,,
2024-10-14 12:23:00,SELL,1,228.9,,1.1445,,228.9,227.7555
2024-10-14 12:24:00,BUY,1,228.8176,228.8176,1.144088,229.961688,,
2024-10-14 12:25:00,SELL,1,228.814,,1.14407,,228.814,227.66993
2024-10-14 12:26:00,BUY,1,228.83,228.83,1.14415,229.97415,,
2024-10-14 12:28:00,SELL,1,228.85,,1.14425,,228.85,227.70575
2024-10-14 12:29:00,BUY,1,228.82,228.82,1.1441,229.9641,,
2024-10-14 12:32:00,SELL,1,228.81,,1.14405,,228.81,227.66595
2024-10-14 12:33:00,BUY,1,228.84,228.84,1.1442,229.98420000000002,,
2024-10-14 12:35:00,SELL,1,228.85,,1.14425,,228.85,227.70575
2024-10-14 12:36:00,BUY,1,228.7506,228.7506,1.143753,229.894353,,
2024-10-14 12:37:00,SELL,1,228.7515,,1.1437575,,228.7515,227.6077425
2024-10-14 12:40:00,BUY,1,228.82,228.82,1.1441,229.9641,,
2024-10-14 12:41:00,SELL,1,228.8,,1.1440000000000001,,228.8,227.656
2024-10-14 12:42:00,BUY,1,228.79,228.79,1.14395,229.93394999999998,,
2024-10-14 12:43:00,SELL,1,228.89,,1.14445,,228.89,227.74554999999998
2024-10-14 12:44:00,BUY,1,228.87,228.87,1.14435,230.01435,,
2024-10-14 12:45:00,SELL,1,228.87,,1.14435,,228.87,227.72565
2024-10-14 12:46:00,BUY,1,228.98,228.98,1.1449,230.1249,,
2024-10-14 12:48:00,SELL,1,228.97,,1.14485,,228.97,227.82515
2024-10-14 12:49:00,BUY,1,228.99,228.99,1.1449500000000001,230.13495,,
2024-10-14 12:50:00,SELL,1,228.97,,1.14485,,228.97,227.82515
2024-10-14 12:51:00,BUY,1,229.0,229.0,1.145,230.145,,
2024-10-14 12:55:00,SELL,1,228.9,,1.1445,,228.9,227.7555
2024-10-14 12:56:00,BUY,1,228.87,228.87,1.14435,230.01435,,
2024-10-14 12:57:00,SELL,1,228.9,,1.1445,,228.9,227.7555
2024-10-25 10:50:00,BUY,1,228.36,228.36,1.1418000000000001,229.5018,,
2024-10-25 10:51:00,SELL,1,228.4,,1.1420000000000001,,228.4,227.258
2024-11-01 09:30:00,BUY,1,223.6,223.6,1.118,224.718,,
2024-11-01 09:35:00,SELL,1,223.53,,1.11765,,223.53,222.41235
2024-11-01 09:36:00,BUY,1,223.59,223.59,1.11795,224.70795,,
2024-11-01 09:38:00,SELL,1,223.57,,1.11785,,223.57,222.45215
2024-11-01 11:41:00,BUY,1,221.66,221.66,1.1083,222.7683,,
2024-11-01 11:42:00,SELL,1,221.9,,1.1095000000000002,,221.9,220.7905
2024-11-04 14:38:00,BUY,1,220.03,220.03,1.10015,221.13015000000001,,
2024-11-04 14:39:00,SELL,1,220.57,,1.1028499999999999,,220.57,219.46715
2025-03-12 14:32:00,BUY,1,218.24,218.24,1.0912000000000002,219.3312,,
2025-03-12 14:33:00,SELL,1,218.32,,1.0916,,218.32,217.2284
2025-03-12 14:58:00,BUY,1,216.28,216.28,1.0814000000000001,217.3614,,
2025-03-12 14:59:00,SELL,1,216.1,,1.0805,,216.1,215.0195
2025-03-13 14:36:00,BUY,1,213.98,213.98,1.0699,215.04989999999998,,
2025-03-13 14:37:00,SELL,1,213.95,,1.06975,,213.95,212.88025
2025-03-13 15:58:00,BUY,1,212.1697,212.1697,1.0608485,213.2305485,,
2025-03-13 15:59:00,SELL,1,212.0757,,1.0603785000000001,,212.0757,211.0153215
2025-03-14 14:20:00,BUY,1,209.69,209.69,1.04845,210.73845,,
2025-03-14 14:21:00,SELL,1,210.1,,1.0505,,210.1,209.0495
2025-04-03 09:30:00,BUY,1,207.61,207.61,1.0380500000000001,208.64805,,
2025-04-03 09:31:00,SELL,1,207.86,,1.0393000000000001,,207.86,206.82070000000002
2025-04-03 11:54:00,BUY,1,206.49,206.49,1.03245,207.52245000000002,,
2025-04-03 11:55:00,SELL,1,206.66,,1.0333,,206.66,205.6267
2025-04-03 13:40:00,BUY,1,203.81,203.81,1.01905,204.82905,,
2025-04-03 13:41:00,SELL,1,203.73,,1.01865,,203.73,202.71134999999998
2025-04-03 13:44:00,BUY,1,202.9,202.9,1.0145,203.9145,,
2025-04-03 13:45:00,SELL,1,203.245,,1.016225,,203.245,202.228775
2025-04-04 09:31:00,BUY,1,200.9,200.9,1.0045,201.9045,,
2025-04-04 09:32:00,SELL,1,201.0,,1.0050000000000001,,201.0,199.995
2025-04-04 10:12:00,BUY,1,199.01,199.01,0.99505,200.00504999999998,,
2025-04-04 10:13:00,SELL,1,198.37,,0.99185,,198.37,197.37815
2025-04-04 10:16:00,BUY,1,196.72,196.72,0.9836,197.7036,,
2025-04-04 10:17:00,SELL,1,196.6,,0.983,,196.6,195.617
2025-04-04 10:22:00,BUY,1,195.01,195.01,0.97505,195.98505,,
2025-04-04 10:23:00,SELL,1,194.55,,0.9727500000000001,,194.55,193.57725000000002
2025-04-04 11:22:00,BUY,1,192.11,192.11,0.9605500000000001,193.07055000000003,,
2025-04-04 11:23:00,SELL,1,192.0,,0.96,,192.0,191.04
2025-04-04 11:26:00,BUY,1,190.44,190.44,0.9522,191.3922,,
2025-04-04 11:27:00,SELL,1,190.48,,0.9523999999999999,,190.48,189.52759999999998
2025-04-07 09:31:00,BUY,1,180.4,180.4,0.902,181.302,,
2025-04-07 09:32:00,SELL,1,180.56,,0.9028,,180.56,179.6572
2025-04-07 09:33:00,BUY,1,180.55,180.55,0.90275,181.45275,,
2025-04-07 09:34:00,SELL,1,181.0,,0.905,,181.0,180.095
2025-04-07 09:35:00,BUY,1,181.29,181.29,0.90645,182.19645,,
2025-04-07 09:36:00,SELL,1,181.47,,0.90735,,181.47,180.56265
2025-04-07 09:37:00,BUY,1,181.55,181.55,0.9077500000000001,182.45775,,
2025-04-07 09:38:00,SELL,1,181.38,,0.9069,,181.38,180.4731
2025-04-07 09:39:00,BUY,1,181.58,181.58,0.9079,182.48790000000002,,
2025-04-07 09:40:00,SELL,1,181.6,,0.908,,181.6,180.692
2025-04-07 09:41:00,BUY,1,181.03,181.03,0.90515,181.93515,,
2025-04-07 09:42:00,SELL,1,181.49,,0.9074500000000001,,181.49,180.58255
2025-04-07 13:26:00,BUY,1,178.6,178.6,0.893,179.493,,
2025-04-07 13:27:00,SELL,1,178.44,,0.8922,,178.44,177.5478
2025-04-07 13:28:00,BUY,1,176.757,176.757,0.883785,177.640785,,
2025-04-07 13:29:00,SELL,1,177.21,,0.88605,,177.21,176.32395
2025-04-07 13:32:00,BUY,1,175.9506,175.9506,0.879753,176.830353,,
2025-04-07 13:33:00,SELL,1,177.6521,,0.8882605,,177.6521,176.7638395
2025-04-07 13:34:00,BUY,1,176.57,176.57,0.88285,177.45284999999998,,
2025-04-07 13:35:00,SELL,1,177.2,,0.886,,177.2,176.314
2025-04-07 13:42:00,BUY,1,175.5107,175.5107,0.8775535000000001,176.38825350000002,,
2025-04-07 13:43:00,SELL,1,175.75,,0.87875,,175.75,174.87125
2025-04-09 10:22:00,BUY,1,174.03,174.03,0.87015,174.90015,,
2025-04-09 10:23:00,SELL,1,174.0,,0.87,,174.0,173.13
2025-04-09 11:00:00,BUY,1,171.15,171.15,0.85575,172.00575,,
2025-04-09 11:01:00,SELL,1,171.98,,0.8599,,171.98,171.12009999999998
2025-04-09 11:02:00,BUY,1,170.13,170.13,0.85065,170.98065,,
2025-04-09 11:03:00,SELL,1,171.4,,0.8570000000000001,,171.4,170.543
2025-04-09 11:04:00,BUY,1,170.98,170.98,0.8549,171.83489999999998,,
2025-04-09 11:05:00,SELL,1,170.4,,0.8520000000000001,,170.4,169.548
2025-04-09 11:10:00,BUY,1,168.97,168.97,0.84485,169.81485,,
2025-04-09 11:11:00,SELL,1,170.23,,0.85115,,170.23,169.37885
2025-04-09 11:54:00,BUY,1,168.5,168.5,0.8425,169.3425,,
2025-04-09 11:55:00,SELL,1,168.86,,0.8443,,168.86,168.0157
